/*
 Navicat Premium Data Transfer

 Source Server         : johan local
 Source Server Type    : MySQL
 Source Server Version : 100427
 Source Host           : localhost:3306
 Source Schema         : amerta

 Target Server Type    : MySQL
 Target Server Version : 100427
 File Encoding         : 65001

 Date: 10/05/2023 21:05:36
*/

SET NAMES utf8mb4;
SET FOREIGN_KEY_CHECKS = 0;

-- ----------------------------
-- Table structure for tbl_berita
-- ----------------------------
DROP TABLE IF EXISTS `tbl_berita`;
CREATE TABLE `tbl_berita`  (
  `id_berita` int(10) NOT NULL AUTO_INCREMENT,
  `nama_kegiatan` text CHARACTER SET utf8mb4 COLLATE utf8mb4_general_ci NULL,
  `tempat_kegiatan` text CHARACTER SET utf8mb4 COLLATE utf8mb4_general_ci NULL,
  `tgl_kegiatan` datetime(0) NULL DEFAULT NULL,
  `poin_kegiatan` text CHARACTER SET utf8mb4 COLLATE utf8mb4_general_ci NULL,
  `peserta` text CHARACTER SET utf8mb4 COLLATE utf8mb4_general_ci NULL,
  `tgl_input` datetime(0) NULL DEFAULT NULL,
  `status` enum('menunggu','perbaikan','proses','konfirmasi','selesai') CHARACTER SET utf8mb4 COLLATE utf8mb4_general_ci NULL DEFAULT NULL,
  `pesan_humas` text CHARACTER SET utf8mb4 COLLATE utf8mb4_general_ci NULL,
  `lamp_foto1` text CHARACTER SET utf8mb4 COLLATE utf8mb4_general_ci NULL,
  `lamp_foto2` text CHARACTER SET utf8mb4 COLLATE utf8mb4_general_ci NULL,
  `lamp_foto3` text CHARACTER SET utf8mb4 COLLATE utf8mb4_general_ci NULL,
  `lamp_foto4` text CHARACTER SET utf8mb4 COLLATE utf8mb4_general_ci NULL,
  `lamp_foto5` text CHARACTER SET utf8mb4 COLLATE utf8mb4_general_ci NULL,
  `lamp_foto6` text CHARACTER SET utf8mb4 COLLATE utf8mb4_general_ci NULL,
  `lamp_surat_undangan` text CHARACTER SET utf8mb4 COLLATE utf8mb4_general_ci NULL,
  `lamp_sambutan` text CHARACTER SET utf8mb4 COLLATE utf8mb4_general_ci NULL,
  `lamp_paparan` text CHARACTER SET utf8mb4 COLLATE utf8mb4_general_ci NULL,
  `lamp_lain` text CHARACTER SET utf8mb4 COLLATE utf8mb4_general_ci NULL,
  `id_user` int(10) NOT NULL,
  `jenis_dokumen` varchar(255) CHARACTER SET utf8mb4 COLLATE utf8mb4_general_ci NULL DEFAULT NULL,
  `zona_dokumen` varchar(255) CHARACTER SET utf8mb4 COLLATE utf8mb4_general_ci NULL DEFAULT NULL,
  PRIMARY KEY (`id_berita`) USING BTREE,
  INDEX `FOREIGN`(`id_user`) USING BTREE
) ENGINE = InnoDB AUTO_INCREMENT = 47 CHARACTER SET = utf8mb4 COLLATE = utf8mb4_general_ci ROW_FORMAT = Dynamic;

-- ----------------------------
-- Records of tbl_berita
-- ----------------------------
INSERT INTO `tbl_berita` VALUES (7, 'ee', 'sd', '2023-05-01 00:00:00', 'ada', 'ad', '2023-05-08 11:25:22', 'menunggu', NULL, 'file/bahan_berita/contoh_file.png', 'file/bahan_berita/foto_1.png', '', '', '', '', '', '', '', '', 2, NULL, NULL);
INSERT INTO `tbl_berita` VALUES (8, 'testerz', 'testerz', '2023-05-09 00:00:00', 'testerz', 'testerz', '2023-05-09 15:59:21', 'menunggu', NULL, 'file/bahan_berita/KANWIL_TAMPAK_DEPAN.jpeg', 'file/bahan_berita/WhatsApp_Image_2023-05-05_at_19.07.41.jpeg', '', '', '', '', 'file/bahan_berita/KaPusdatin_Ka_Pusdatin_Sosialisasi_Renaksi_Evaluasi_SPBE_Kanwil_UPT_-_2303145.pdf', '', '', '', 1, NULL, NULL);
INSERT INTO `tbl_berita` VALUES (10, 'raperkada', NULL, NULL, NULL, NULL, NULL, NULL, NULL, NULL, NULL, NULL, NULL, NULL, NULL, 'file/bahan_berita/Presentation1.pptx', NULL, NULL, NULL, 1, 'raperkada', 'pemkab_sumbawa');
INSERT INTO `tbl_berita` VALUES (13, 'informasi raperda', NULL, NULL, NULL, NULL, NULL, NULL, NULL, NULL, NULL, NULL, NULL, NULL, NULL, 'file/bahan_berita/Pekerjaan_PEMASANGAN_ACCESS_POINT.pdf', NULL, NULL, NULL, 1, 'raperkada', 'pemkot_mataram');
INSERT INTO `tbl_berita` VALUES (14, 'sumbawa barat', NULL, NULL, NULL, NULL, NULL, NULL, NULL, NULL, NULL, NULL, NULL, NULL, NULL, 'file/bahan_berita/UM.66_Evaluasi_dan_Silaturahmi_dengan_Kepala_Divisi_Pemasyarakatan_dan_Kepala_UPT_Se-Nusantara.pdf', NULL, NULL, NULL, 1, 'raperda', 'pemkab_sumbawa_barat');
INSERT INTO `tbl_berita` VALUES (17, 'ashaskaks', NULL, NULL, NULL, NULL, NULL, NULL, NULL, NULL, NULL, NULL, NULL, NULL, NULL, 'file/bahan_berita/Pekerjaan_PEMASANGAN_ACCESS_POINT2.pdf', NULL, NULL, NULL, 1, 'raperkada', 'pemprov_ntb');
INSERT INTO `tbl_berita` VALUES (18, 'Pemkot Bims', NULL, NULL, NULL, NULL, NULL, NULL, NULL, NULL, NULL, NULL, NULL, NULL, NULL, 'file/bahan_berita/Jumlah_Outlet_LAN_Gedung_Baru_Kanwil_NTB.xlsx', NULL, NULL, NULL, 1, 'raperda', 'pemkot_bima');
INSERT INTO `tbl_berita` VALUES (19, 'Pemkot Bims', NULL, NULL, NULL, NULL, NULL, NULL, NULL, NULL, NULL, NULL, NULL, NULL, NULL, 'file/bahan_berita/Jumlah_Outlet_LAN_Gedung_Baru_Kanwil_NTB.xlsx', NULL, NULL, NULL, 1, 'raperda', 'pemkot_bima');
INSERT INTO `tbl_berita` VALUES (20, 'Pemkot Bims', NULL, NULL, NULL, NULL, NULL, NULL, NULL, NULL, NULL, NULL, NULL, NULL, NULL, 'file/bahan_berita/Jumlah_Outlet_LAN_Gedung_Baru_Kanwil_NTB.xlsx', NULL, NULL, NULL, 1, 'raperda', 'pemkot_bima');
INSERT INTO `tbl_berita` VALUES (21, 'Pemkot Bims', NULL, NULL, NULL, NULL, NULL, NULL, NULL, NULL, NULL, NULL, NULL, NULL, NULL, 'file/bahan_berita/Jumlah_Outlet_LAN_Gedung_Baru_Kanwil_NTB.xlsx', NULL, NULL, NULL, 1, 'raperda', 'pemkot_bima');
INSERT INTO `tbl_berita` VALUES (22, 'Pemkot Bims', NULL, NULL, NULL, NULL, NULL, NULL, NULL, NULL, NULL, NULL, NULL, NULL, NULL, 'file/bahan_berita/Jumlah_Outlet_LAN_Gedung_Baru_Kanwil_NTB.xlsx', NULL, NULL, NULL, 1, 'raperda', 'pemkot_bima');
INSERT INTO `tbl_berita` VALUES (23, 'Pemkot Bims', NULL, NULL, NULL, NULL, NULL, NULL, NULL, NULL, NULL, NULL, NULL, NULL, NULL, 'file/bahan_berita/Jumlah_Outlet_LAN_Gedung_Baru_Kanwil_NTB.xlsx', NULL, NULL, NULL, 1, 'raperda', 'pemkot_bima');
INSERT INTO `tbl_berita` VALUES (24, 'Pemkot Bims', NULL, NULL, NULL, NULL, NULL, NULL, NULL, NULL, NULL, NULL, NULL, NULL, NULL, 'file/bahan_berita/Jumlah_Outlet_LAN_Gedung_Baru_Kanwil_NTB.xlsx', NULL, NULL, NULL, 1, 'raperda', 'pemkot_bima');
INSERT INTO `tbl_berita` VALUES (26, 'Pemkot Bims', NULL, NULL, NULL, NULL, NULL, NULL, NULL, NULL, NULL, NULL, NULL, NULL, NULL, 'file/bahan_berita/Jumlah_Outlet_LAN_Gedung_Baru_Kanwil_NTB.xlsx', NULL, NULL, NULL, 1, 'raperda', 'pemkot_bima');
INSERT INTO `tbl_berita` VALUES (27, 'Pemkot Bims', NULL, NULL, NULL, NULL, NULL, NULL, NULL, NULL, NULL, NULL, NULL, NULL, NULL, 'file/bahan_berita/Jumlah_Outlet_LAN_Gedung_Baru_Kanwil_NTB.xlsx', NULL, NULL, NULL, 1, 'raperda', 'pemkot_bima');
INSERT INTO `tbl_berita` VALUES (28, 'Pemkot Bims', NULL, NULL, NULL, NULL, NULL, NULL, NULL, NULL, NULL, NULL, NULL, NULL, NULL, 'file/bahan_berita/Jumlah_Outlet_LAN_Gedung_Baru_Kanwil_NTB.xlsx', NULL, NULL, NULL, 1, 'raperda', 'pemkot_bima');
INSERT INTO `tbl_berita` VALUES (29, 'Lombok Utara', NULL, NULL, NULL, NULL, NULL, NULL, NULL, NULL, NULL, NULL, NULL, NULL, NULL, 'file/bahan_berita/Gedung_Baru_(1).pdf', NULL, NULL, NULL, 1, 'raperda', 'pemkab_lombok_utara');
INSERT INTO `tbl_berita` VALUES (31, 'Lombok timur', NULL, NULL, NULL, NULL, NULL, NULL, NULL, NULL, NULL, NULL, NULL, NULL, NULL, 'file/bahan_berita/Pekerjaan_PEMASANGAN_ACCESS_POINT11.pdf', NULL, NULL, NULL, 1, 'raperkada', 'pemkab_lombok_timur');
INSERT INTO `tbl_berita` VALUES (32, 'Raperda Lombok Timur', NULL, NULL, NULL, NULL, NULL, NULL, NULL, NULL, NULL, NULL, NULL, NULL, NULL, 'file/bahan_berita/KaPusdatin_Ka_Pusdatin_Sosialisasi_Renaksi_Evaluasi_SPBE_Kanwil_UPT_-_2303146_(1).pdf', NULL, NULL, NULL, 1, 'raperda', 'pemkab_lombok_timur');
INSERT INTO `tbl_berita` VALUES (34, 'Pemkab Bimasakti', NULL, NULL, NULL, NULL, NULL, NULL, NULL, NULL, NULL, NULL, NULL, NULL, NULL, 'file/bahan_berita/5271011003210008.pdf', NULL, NULL, NULL, 1, 'raperda', 'pemkab_bima');
INSERT INTO `tbl_berita` VALUES (35, 'ts lobar', NULL, NULL, NULL, NULL, NULL, NULL, NULL, NULL, NULL, NULL, NULL, NULL, NULL, 'file/bahan_berita/KaPusdatin_Ka_Pusdatin_Sosialisasi_Renaksi_Evaluasi_SPBE_Kanwil_UPT_-_2303146_(2).pdf', NULL, NULL, NULL, 1, 'raperda', 'pemkab_lombok_barat');
INSERT INTO `tbl_berita` VALUES (36, 'Raperda Lombok Tengah', NULL, NULL, NULL, NULL, NULL, NULL, NULL, NULL, NULL, NULL, NULL, NULL, NULL, 'file/bahan_berita/CONTOH_LABELING_KEMENKUMHAM_2023.xlsx', NULL, NULL, NULL, 1, 'raperda', 'pemkab_lombok_tengah');
INSERT INTO `tbl_berita` VALUES (39, 'Raperda Raperkada NTB', NULL, NULL, NULL, NULL, NULL, NULL, NULL, NULL, NULL, NULL, NULL, NULL, NULL, 'file/bahan_berita/Jumlah_Outlet_LAN_Gedung_Baru_Kanwil_NTB1.xlsx', NULL, NULL, NULL, 1, 'raperda', 'pemprov_ntb');
INSERT INTO `tbl_berita` VALUES (40, 'Pemkots Mataram', NULL, NULL, NULL, NULL, NULL, NULL, NULL, NULL, NULL, NULL, NULL, NULL, NULL, 'file/bahan_berita/UM.66_Evaluasi_dan_Silaturahmi_dengan_Kepala_Divisi_Pemasyarakatan_dan_Kepala_UPT_Se-Nusantara2.pdf', NULL, NULL, NULL, 1, 'raperda', 'pemkot_mataram');
INSERT INTO `tbl_berita` VALUES (41, 'Pemkab Sumbawa Reperda', NULL, NULL, NULL, NULL, NULL, NULL, NULL, NULL, NULL, NULL, NULL, NULL, NULL, 'file/bahan_berita/tester1.xlsx', NULL, NULL, NULL, 1, 'raperkada', 'pemkab_sumbawa');
INSERT INTO `tbl_berita` VALUES (44, 'Raperda Daerah Dompu ', NULL, NULL, NULL, NULL, NULL, NULL, NULL, NULL, NULL, NULL, NULL, NULL, NULL, 'file/bahan_berita/ADITYA_NUGROHO_(09503244013)1.pdf', NULL, NULL, NULL, 1, 'raperda', 'pemkab_dompu');

-- ----------------------------
-- Table structure for tbl_notif
-- ----------------------------
DROP TABLE IF EXISTS `tbl_notif`;
CREATE TABLE `tbl_notif`  (
  `id_notif` int(11) NOT NULL AUTO_INCREMENT,
  `pengirim` int(11) NULL DEFAULT NULL,
  `penerima` int(11) NULL DEFAULT NULL,
  `pesan` text CHARACTER SET utf8mb4 COLLATE utf8mb4_general_ci NULL,
  `link` text CHARACTER SET utf8mb4 COLLATE utf8mb4_general_ci NULL,
  `tgl_notif` datetime(0) NULL DEFAULT NULL,
  `baca_notif` text CHARACTER SET utf8mb4 COLLATE utf8mb4_general_ci NULL,
  `hapus_notif` text CHARACTER SET utf8mb4 COLLATE utf8mb4_general_ci NULL,
  `id_berita` int(11) NOT NULL,
  PRIMARY KEY (`id_notif`) USING BTREE,
  INDEX `FOREIGN`(`id_berita`) USING BTREE
) ENGINE = InnoDB AUTO_INCREMENT = 196 CHARACTER SET = utf8mb4 COLLATE = utf8mb4_general_ci ROW_FORMAT = Dynamic;

-- ----------------------------
-- Records of tbl_notif
-- ----------------------------
INSERT INTO `tbl_notif` VALUES (16, 2, 1, 'Mengirim bahan berita baru.', 'berita/v/d/p2', '2023-05-08 10:25:22', '1, ', NULL, 7);
INSERT INTO `tbl_notif` VALUES (17, 2, 2, 'Mengirim bahan berita baru.', 'berita/v/d/p2', '2023-05-08 10:25:22', '2, ', NULL, 7);
INSERT INTO `tbl_notif` VALUES (18, 2, 3, 'Mengirim bahan berita baru.', 'berita/v/d/p2', '2023-05-08 10:25:22', NULL, NULL, 7);
INSERT INTO `tbl_notif` VALUES (19, 2, 4, 'Mengirim bahan berita baru.', 'berita/v/d/p2', '2023-05-08 10:25:22', NULL, NULL, 7);
INSERT INTO `tbl_notif` VALUES (20, 2, 5, 'Mengirim bahan berita baru.', 'berita/v/d/p2', '2023-05-08 10:25:22', NULL, NULL, 7);
INSERT INTO `tbl_notif` VALUES (21, 2, 6, 'Mengirim bahan berita baru.', 'berita/v/d/p2', '2023-05-08 10:25:22', NULL, NULL, 7);
INSERT INTO `tbl_notif` VALUES (22, 1, 1, 'Mengirim bahan berita baru.', 'berita/v/d/q2', '2023-05-09 14:59:21', '1, ', NULL, 8);
INSERT INTO `tbl_notif` VALUES (23, 1, 2, 'Mengirim bahan berita baru.', 'berita/v/d/q2', '2023-05-09 14:59:21', NULL, NULL, 8);
INSERT INTO `tbl_notif` VALUES (24, 1, 3, 'Mengirim bahan berita baru.', 'berita/v/d/q2', '2023-05-09 14:59:21', NULL, NULL, 8);
INSERT INTO `tbl_notif` VALUES (25, 1, 4, 'Mengirim bahan berita baru.', 'berita/v/d/q2', '2023-05-09 14:59:21', NULL, NULL, 8);
INSERT INTO `tbl_notif` VALUES (26, 1, 5, 'Mengirim bahan berita baru.', 'berita/v/d/q2', '2023-05-09 14:59:21', NULL, NULL, 8);
INSERT INTO `tbl_notif` VALUES (27, 1, 6, 'Mengirim bahan berita baru.', 'berita/v/d/q2', '2023-05-09 14:59:21', NULL, NULL, 8);
INSERT INTO `tbl_notif` VALUES (28, 1, 1, 'Mengirim bahan berita baru.', 'berita/v/d/rE', '2023-05-09 15:38:26', '1, ', NULL, 9);
INSERT INTO `tbl_notif` VALUES (29, 1, 2, 'Mengirim bahan berita baru.', 'berita/v/d/rE', '2023-05-09 15:38:26', NULL, NULL, 9);
INSERT INTO `tbl_notif` VALUES (30, 1, 3, 'Mengirim bahan berita baru.', 'berita/v/d/rE', '2023-05-09 15:38:26', NULL, NULL, 9);
INSERT INTO `tbl_notif` VALUES (31, 1, 4, 'Mengirim bahan berita baru.', 'berita/v/d/rE', '2023-05-09 15:38:26', NULL, NULL, 9);
INSERT INTO `tbl_notif` VALUES (32, 1, 5, 'Mengirim bahan berita baru.', 'berita/v/d/rE', '2023-05-09 15:38:26', NULL, NULL, 9);
INSERT INTO `tbl_notif` VALUES (33, 1, 6, 'Mengirim bahan berita baru.', 'berita/v/d/rE', '2023-05-09 15:38:26', NULL, NULL, 9);
INSERT INTO `tbl_notif` VALUES (34, 1, 1, 'Mengirim bahan berita baru.', 'berita/v/d/vm', '2023-05-09 15:39:18', '1, ', NULL, 10);
INSERT INTO `tbl_notif` VALUES (35, 1, 2, 'Mengirim bahan berita baru.', 'berita/v/d/vm', '2023-05-09 15:39:18', NULL, NULL, 10);
INSERT INTO `tbl_notif` VALUES (36, 1, 3, 'Mengirim bahan berita baru.', 'berita/v/d/vm', '2023-05-09 15:39:18', NULL, NULL, 10);
INSERT INTO `tbl_notif` VALUES (37, 1, 4, 'Mengirim bahan berita baru.', 'berita/v/d/vm', '2023-05-09 15:39:18', NULL, NULL, 10);
INSERT INTO `tbl_notif` VALUES (38, 1, 5, 'Mengirim bahan berita baru.', 'berita/v/d/vm', '2023-05-09 15:39:18', NULL, NULL, 10);
INSERT INTO `tbl_notif` VALUES (39, 1, 6, 'Mengirim bahan berita baru.', 'berita/v/d/vm', '2023-05-09 15:39:18', NULL, NULL, 10);
INSERT INTO `tbl_notif` VALUES (40, 1, 1, 'Mengirim bahan berita baru.', 'berita/v/d/wR', '2023-05-09 17:22:23', '1, ', NULL, 11);
INSERT INTO `tbl_notif` VALUES (41, 1, 2, 'Mengirim bahan berita baru.', 'berita/v/d/wR', '2023-05-09 17:22:23', NULL, NULL, 11);
INSERT INTO `tbl_notif` VALUES (42, 1, 3, 'Mengirim bahan berita baru.', 'berita/v/d/wR', '2023-05-09 17:22:23', NULL, NULL, 11);
INSERT INTO `tbl_notif` VALUES (43, 1, 4, 'Mengirim bahan berita baru.', 'berita/v/d/wR', '2023-05-09 17:22:23', NULL, NULL, 11);
INSERT INTO `tbl_notif` VALUES (44, 1, 5, 'Mengirim bahan berita baru.', 'berita/v/d/wR', '2023-05-09 17:22:23', NULL, NULL, 11);
INSERT INTO `tbl_notif` VALUES (45, 1, 6, 'Mengirim bahan berita baru.', 'berita/v/d/wR', '2023-05-09 17:22:23', NULL, NULL, 11);
INSERT INTO `tbl_notif` VALUES (46, 1, 1, 'Mengirim bahan berita baru.', 'berita/v/d/x9', '2023-05-09 17:32:27', '1, ', NULL, 12);
INSERT INTO `tbl_notif` VALUES (47, 1, 2, 'Mengirim bahan berita baru.', 'berita/v/d/x9', '2023-05-09 17:32:27', NULL, NULL, 12);
INSERT INTO `tbl_notif` VALUES (48, 1, 3, 'Mengirim bahan berita baru.', 'berita/v/d/x9', '2023-05-09 17:32:27', NULL, NULL, 12);
INSERT INTO `tbl_notif` VALUES (49, 1, 4, 'Mengirim bahan berita baru.', 'berita/v/d/x9', '2023-05-09 17:32:27', NULL, NULL, 12);
INSERT INTO `tbl_notif` VALUES (50, 1, 5, 'Mengirim bahan berita baru.', 'berita/v/d/x9', '2023-05-09 17:32:27', NULL, NULL, 12);
INSERT INTO `tbl_notif` VALUES (51, 1, 6, 'Mengirim bahan berita baru.', 'berita/v/d/x9', '2023-05-09 17:32:27', NULL, NULL, 12);
INSERT INTO `tbl_notif` VALUES (52, 1, 1, 'Mengirim bahan berita baru.', 'berita/v/d/y7', '2023-05-09 17:34:49', '1, ', NULL, 13);
INSERT INTO `tbl_notif` VALUES (53, 1, 2, 'Mengirim bahan berita baru.', 'berita/v/d/y7', '2023-05-09 17:34:49', NULL, NULL, 13);
INSERT INTO `tbl_notif` VALUES (54, 1, 3, 'Mengirim bahan berita baru.', 'berita/v/d/y7', '2023-05-09 17:34:49', NULL, NULL, 13);
INSERT INTO `tbl_notif` VALUES (55, 1, 4, 'Mengirim bahan berita baru.', 'berita/v/d/y7', '2023-05-09 17:34:49', NULL, NULL, 13);
INSERT INTO `tbl_notif` VALUES (56, 1, 5, 'Mengirim bahan berita baru.', 'berita/v/d/y7', '2023-05-09 17:34:49', NULL, NULL, 13);
INSERT INTO `tbl_notif` VALUES (57, 1, 6, 'Mengirim bahan berita baru.', 'berita/v/d/y7', '2023-05-09 17:34:49', NULL, NULL, 13);
INSERT INTO `tbl_notif` VALUES (58, 1, 1, 'Mengirim bahan berita baru.', 'berita/v/d/zY', '2023-05-09 18:10:54', '1, ', NULL, 14);
INSERT INTO `tbl_notif` VALUES (59, 1, 2, 'Mengirim bahan berita baru.', 'berita/v/d/zY', '2023-05-09 18:10:54', NULL, NULL, 14);
INSERT INTO `tbl_notif` VALUES (60, 1, 3, 'Mengirim bahan berita baru.', 'berita/v/d/zY', '2023-05-09 18:10:54', NULL, NULL, 14);
INSERT INTO `tbl_notif` VALUES (61, 1, 4, 'Mengirim bahan berita baru.', 'berita/v/d/zY', '2023-05-09 18:10:54', NULL, NULL, 14);
INSERT INTO `tbl_notif` VALUES (62, 1, 5, 'Mengirim bahan berita baru.', 'berita/v/d/zY', '2023-05-09 18:10:54', NULL, NULL, 14);
INSERT INTO `tbl_notif` VALUES (63, 1, 6, 'Mengirim bahan berita baru.', 'berita/v/d/zY', '2023-05-09 18:10:54', NULL, NULL, 14);
INSERT INTO `tbl_notif` VALUES (64, 1, 1, 'Mengirim bahan berita baru.', 'berita/v/d/AO', '2023-05-09 18:12:31', '1, ', NULL, 15);
INSERT INTO `tbl_notif` VALUES (65, 1, 2, 'Mengirim bahan berita baru.', 'berita/v/d/AO', '2023-05-09 18:12:31', NULL, NULL, 15);
INSERT INTO `tbl_notif` VALUES (66, 1, 3, 'Mengirim bahan berita baru.', 'berita/v/d/AO', '2023-05-09 18:12:31', NULL, NULL, 15);
INSERT INTO `tbl_notif` VALUES (67, 1, 4, 'Mengirim bahan berita baru.', 'berita/v/d/AO', '2023-05-09 18:12:31', NULL, NULL, 15);
INSERT INTO `tbl_notif` VALUES (68, 1, 5, 'Mengirim bahan berita baru.', 'berita/v/d/AO', '2023-05-09 18:12:31', NULL, NULL, 15);
INSERT INTO `tbl_notif` VALUES (69, 1, 6, 'Mengirim bahan berita baru.', 'berita/v/d/AO', '2023-05-09 18:12:31', NULL, NULL, 15);
INSERT INTO `tbl_notif` VALUES (70, 1, 1, 'Mengirim bahan berita baru.', 'berita/v/d/BX', '2023-05-09 18:21:11', '1, ', NULL, 16);
INSERT INTO `tbl_notif` VALUES (71, 1, 2, 'Mengirim bahan berita baru.', 'berita/v/d/BX', '2023-05-09 18:21:11', NULL, NULL, 16);
INSERT INTO `tbl_notif` VALUES (72, 1, 3, 'Mengirim bahan berita baru.', 'berita/v/d/BX', '2023-05-09 18:21:11', NULL, NULL, 16);
INSERT INTO `tbl_notif` VALUES (73, 1, 4, 'Mengirim bahan berita baru.', 'berita/v/d/BX', '2023-05-09 18:21:11', NULL, NULL, 16);
INSERT INTO `tbl_notif` VALUES (74, 1, 5, 'Mengirim bahan berita baru.', 'berita/v/d/BX', '2023-05-09 18:21:11', NULL, NULL, 16);
INSERT INTO `tbl_notif` VALUES (75, 1, 6, 'Mengirim bahan berita baru.', 'berita/v/d/BX', '2023-05-09 18:21:11', NULL, NULL, 16);
INSERT INTO `tbl_notif` VALUES (76, 1, 1, 'Mengirim bahan berita baru.', 'berita/v/d/Dx', '2023-05-09 18:26:07', '1, ', NULL, 17);
INSERT INTO `tbl_notif` VALUES (77, 1, 2, 'Mengirim bahan berita baru.', 'berita/v/d/Dx', '2023-05-09 18:26:07', NULL, NULL, 17);
INSERT INTO `tbl_notif` VALUES (78, 1, 3, 'Mengirim bahan berita baru.', 'berita/v/d/Dx', '2023-05-09 18:26:07', NULL, NULL, 17);
INSERT INTO `tbl_notif` VALUES (79, 1, 4, 'Mengirim bahan berita baru.', 'berita/v/d/Dx', '2023-05-09 18:26:07', NULL, NULL, 17);
INSERT INTO `tbl_notif` VALUES (80, 1, 5, 'Mengirim bahan berita baru.', 'berita/v/d/Dx', '2023-05-09 18:26:07', NULL, NULL, 17);
INSERT INTO `tbl_notif` VALUES (81, 1, 6, 'Mengirim bahan berita baru.', 'berita/v/d/Dx', '2023-05-09 18:26:07', NULL, NULL, 17);
INSERT INTO `tbl_notif` VALUES (82, 1, 1, 'Mengirim bahan berita baru.', 'berita/v/d/Ev', '2023-05-09 18:49:06', '1, ', NULL, 18);
INSERT INTO `tbl_notif` VALUES (83, 1, 2, 'Mengirim bahan berita baru.', 'berita/v/d/Ev', '2023-05-09 18:49:06', NULL, NULL, 18);
INSERT INTO `tbl_notif` VALUES (84, 1, 3, 'Mengirim bahan berita baru.', 'berita/v/d/Ev', '2023-05-09 18:49:06', NULL, NULL, 18);
INSERT INTO `tbl_notif` VALUES (85, 1, 4, 'Mengirim bahan berita baru.', 'berita/v/d/Ev', '2023-05-09 18:49:06', NULL, NULL, 18);
INSERT INTO `tbl_notif` VALUES (86, 1, 5, 'Mengirim bahan berita baru.', 'berita/v/d/Ev', '2023-05-09 18:49:06', NULL, NULL, 18);
INSERT INTO `tbl_notif` VALUES (87, 1, 6, 'Mengirim bahan berita baru.', 'berita/v/d/Ev', '2023-05-09 18:49:06', NULL, NULL, 18);
INSERT INTO `tbl_notif` VALUES (88, 1, 1, 'Mengirim bahan berita baru.', 'berita/v/d/VM', '2023-05-09 18:55:38', '1, ', NULL, 29);
INSERT INTO `tbl_notif` VALUES (89, 1, 2, 'Mengirim bahan berita baru.', 'berita/v/d/VM', '2023-05-09 18:55:38', NULL, NULL, 29);
INSERT INTO `tbl_notif` VALUES (90, 1, 3, 'Mengirim bahan berita baru.', 'berita/v/d/VM', '2023-05-09 18:55:38', NULL, NULL, 29);
INSERT INTO `tbl_notif` VALUES (91, 1, 4, 'Mengirim bahan berita baru.', 'berita/v/d/VM', '2023-05-09 18:55:38', NULL, NULL, 29);
INSERT INTO `tbl_notif` VALUES (92, 1, 5, 'Mengirim bahan berita baru.', 'berita/v/d/VM', '2023-05-09 18:55:38', NULL, NULL, 29);
INSERT INTO `tbl_notif` VALUES (93, 1, 6, 'Mengirim bahan berita baru.', 'berita/v/d/VM', '2023-05-09 18:55:38', NULL, NULL, 29);
INSERT INTO `tbl_notif` VALUES (94, 1, 1, 'Mengirim bahan berita baru.', 'berita/v/d/WJ', '2023-05-09 19:03:56', '1, ', NULL, 30);
INSERT INTO `tbl_notif` VALUES (95, 1, 2, 'Mengirim bahan berita baru.', 'berita/v/d/WJ', '2023-05-09 19:03:56', NULL, NULL, 30);
INSERT INTO `tbl_notif` VALUES (96, 1, 3, 'Mengirim bahan berita baru.', 'berita/v/d/WJ', '2023-05-09 19:03:56', NULL, NULL, 30);
INSERT INTO `tbl_notif` VALUES (97, 1, 4, 'Mengirim bahan berita baru.', 'berita/v/d/WJ', '2023-05-09 19:03:56', NULL, NULL, 30);
INSERT INTO `tbl_notif` VALUES (98, 1, 5, 'Mengirim bahan berita baru.', 'berita/v/d/WJ', '2023-05-09 19:03:56', NULL, NULL, 30);
INSERT INTO `tbl_notif` VALUES (99, 1, 6, 'Mengirim bahan berita baru.', 'berita/v/d/WJ', '2023-05-09 19:03:56', NULL, NULL, 30);
INSERT INTO `tbl_notif` VALUES (100, 1, 1, 'Mengirim bahan berita baru.', 'berita/v/d/XW', '2023-05-09 19:14:25', '1, ', NULL, 31);
INSERT INTO `tbl_notif` VALUES (101, 1, 2, 'Mengirim bahan berita baru.', 'berita/v/d/XW', '2023-05-09 19:14:25', NULL, NULL, 31);
INSERT INTO `tbl_notif` VALUES (102, 1, 3, 'Mengirim bahan berita baru.', 'berita/v/d/XW', '2023-05-09 19:14:25', NULL, NULL, 31);
INSERT INTO `tbl_notif` VALUES (103, 1, 4, 'Mengirim bahan berita baru.', 'berita/v/d/XW', '2023-05-09 19:14:25', NULL, NULL, 31);
INSERT INTO `tbl_notif` VALUES (104, 1, 5, 'Mengirim bahan berita baru.', 'berita/v/d/XW', '2023-05-09 19:14:25', NULL, NULL, 31);
INSERT INTO `tbl_notif` VALUES (105, 1, 6, 'Mengirim bahan berita baru.', 'berita/v/d/XW', '2023-05-09 19:14:25', NULL, NULL, 31);
INSERT INTO `tbl_notif` VALUES (106, 1, 1, 'Mengirim bahan berita baru.', 'berita/v/d/YK', '2023-05-09 19:20:06', '1, ', NULL, 32);
INSERT INTO `tbl_notif` VALUES (107, 1, 2, 'Mengirim bahan berita baru.', 'berita/v/d/YK', '2023-05-09 19:20:06', NULL, NULL, 32);
INSERT INTO `tbl_notif` VALUES (108, 1, 3, 'Mengirim bahan berita baru.', 'berita/v/d/YK', '2023-05-09 19:20:06', NULL, NULL, 32);
INSERT INTO `tbl_notif` VALUES (109, 1, 4, 'Mengirim bahan berita baru.', 'berita/v/d/YK', '2023-05-09 19:20:06', NULL, NULL, 32);
INSERT INTO `tbl_notif` VALUES (110, 1, 5, 'Mengirim bahan berita baru.', 'berita/v/d/YK', '2023-05-09 19:20:06', NULL, NULL, 32);
INSERT INTO `tbl_notif` VALUES (111, 1, 6, 'Mengirim bahan berita baru.', 'berita/v/d/YK', '2023-05-09 19:20:06', NULL, NULL, 32);
INSERT INTO `tbl_notif` VALUES (112, 1, 1, 'Mengirim bahan berita baru.', 'berita/v/d/ZJ', '2023-05-09 19:20:36', '1, ', NULL, 33);
INSERT INTO `tbl_notif` VALUES (113, 1, 2, 'Mengirim bahan berita baru.', 'berita/v/d/ZJ', '2023-05-09 19:20:36', NULL, NULL, 33);
INSERT INTO `tbl_notif` VALUES (114, 1, 3, 'Mengirim bahan berita baru.', 'berita/v/d/ZJ', '2023-05-09 19:20:36', NULL, NULL, 33);
INSERT INTO `tbl_notif` VALUES (115, 1, 4, 'Mengirim bahan berita baru.', 'berita/v/d/ZJ', '2023-05-09 19:20:36', NULL, NULL, 33);
INSERT INTO `tbl_notif` VALUES (116, 1, 5, 'Mengirim bahan berita baru.', 'berita/v/d/ZJ', '2023-05-09 19:20:36', NULL, NULL, 33);
INSERT INTO `tbl_notif` VALUES (117, 1, 6, 'Mengirim bahan berita baru.', 'berita/v/d/ZJ', '2023-05-09 19:20:36', NULL, NULL, 33);
INSERT INTO `tbl_notif` VALUES (118, 1, 1, 'Mengirim bahan berita baru.', 'berita/v/d/1R', '2023-05-09 19:30:52', '1, ', NULL, 34);
INSERT INTO `tbl_notif` VALUES (119, 1, 2, 'Mengirim bahan berita baru.', 'berita/v/d/1R', '2023-05-09 19:30:52', NULL, NULL, 34);
INSERT INTO `tbl_notif` VALUES (120, 1, 3, 'Mengirim bahan berita baru.', 'berita/v/d/1R', '2023-05-09 19:30:52', NULL, NULL, 34);
INSERT INTO `tbl_notif` VALUES (121, 1, 4, 'Mengirim bahan berita baru.', 'berita/v/d/1R', '2023-05-09 19:30:52', NULL, NULL, 34);
INSERT INTO `tbl_notif` VALUES (122, 1, 5, 'Mengirim bahan berita baru.', 'berita/v/d/1R', '2023-05-09 19:30:52', NULL, NULL, 34);
INSERT INTO `tbl_notif` VALUES (123, 1, 6, 'Mengirim bahan berita baru.', 'berita/v/d/1R', '2023-05-09 19:30:52', NULL, NULL, 34);
INSERT INTO `tbl_notif` VALUES (124, 1, 1, 'Mengirim bahan berita baru.', 'berita/v/d/2K', '2023-05-10 06:55:13', '1, ', NULL, 35);
INSERT INTO `tbl_notif` VALUES (125, 1, 2, 'Mengirim bahan berita baru.', 'berita/v/d/2K', '2023-05-10 06:55:13', NULL, NULL, 35);
INSERT INTO `tbl_notif` VALUES (126, 1, 3, 'Mengirim bahan berita baru.', 'berita/v/d/2K', '2023-05-10 06:55:13', NULL, NULL, 35);
INSERT INTO `tbl_notif` VALUES (127, 1, 4, 'Mengirim bahan berita baru.', 'berita/v/d/2K', '2023-05-10 06:55:13', NULL, NULL, 35);
INSERT INTO `tbl_notif` VALUES (128, 1, 5, 'Mengirim bahan berita baru.', 'berita/v/d/2K', '2023-05-10 06:55:13', NULL, NULL, 35);
INSERT INTO `tbl_notif` VALUES (129, 1, 6, 'Mengirim bahan berita baru.', 'berita/v/d/2K', '2023-05-10 06:55:13', NULL, NULL, 35);
INSERT INTO `tbl_notif` VALUES (130, 1, 1, 'Mengirim bahan berita baru.', 'berita/v/d/3M', '2023-05-10 06:58:34', '1, ', NULL, 36);
INSERT INTO `tbl_notif` VALUES (131, 1, 2, 'Mengirim bahan berita baru.', 'berita/v/d/3M', '2023-05-10 06:58:34', NULL, NULL, 36);
INSERT INTO `tbl_notif` VALUES (132, 1, 3, 'Mengirim bahan berita baru.', 'berita/v/d/3M', '2023-05-10 06:58:34', NULL, NULL, 36);
INSERT INTO `tbl_notif` VALUES (133, 1, 4, 'Mengirim bahan berita baru.', 'berita/v/d/3M', '2023-05-10 06:58:34', NULL, NULL, 36);
INSERT INTO `tbl_notif` VALUES (134, 1, 5, 'Mengirim bahan berita baru.', 'berita/v/d/3M', '2023-05-10 06:58:34', NULL, NULL, 36);
INSERT INTO `tbl_notif` VALUES (135, 1, 6, 'Mengirim bahan berita baru.', 'berita/v/d/3M', '2023-05-10 06:58:34', NULL, NULL, 36);
INSERT INTO `tbl_notif` VALUES (136, 1, 1, 'Mengirim bahan berita baru.', 'berita/v/d/41', '2023-05-10 07:32:32', '1, ', NULL, 37);
INSERT INTO `tbl_notif` VALUES (137, 1, 2, 'Mengirim bahan berita baru.', 'berita/v/d/41', '2023-05-10 07:32:32', NULL, NULL, 37);
INSERT INTO `tbl_notif` VALUES (138, 1, 3, 'Mengirim bahan berita baru.', 'berita/v/d/41', '2023-05-10 07:32:32', NULL, NULL, 37);
INSERT INTO `tbl_notif` VALUES (139, 1, 4, 'Mengirim bahan berita baru.', 'berita/v/d/41', '2023-05-10 07:32:32', NULL, NULL, 37);
INSERT INTO `tbl_notif` VALUES (140, 1, 5, 'Mengirim bahan berita baru.', 'berita/v/d/41', '2023-05-10 07:32:32', NULL, NULL, 37);
INSERT INTO `tbl_notif` VALUES (141, 1, 6, 'Mengirim bahan berita baru.', 'berita/v/d/41', '2023-05-10 07:32:32', NULL, NULL, 37);
INSERT INTO `tbl_notif` VALUES (142, 1, 1, 'Mengirim bahan berita baru.', 'berita/v/d/5B', '2023-05-10 14:43:09', '1, ', NULL, 38);
INSERT INTO `tbl_notif` VALUES (143, 1, 2, 'Mengirim bahan berita baru.', 'berita/v/d/5B', '2023-05-10 14:43:09', NULL, NULL, 38);
INSERT INTO `tbl_notif` VALUES (144, 1, 3, 'Mengirim bahan berita baru.', 'berita/v/d/5B', '2023-05-10 14:43:09', NULL, NULL, 38);
INSERT INTO `tbl_notif` VALUES (145, 1, 4, 'Mengirim bahan berita baru.', 'berita/v/d/5B', '2023-05-10 14:43:09', NULL, NULL, 38);
INSERT INTO `tbl_notif` VALUES (146, 1, 5, 'Mengirim bahan berita baru.', 'berita/v/d/5B', '2023-05-10 14:43:09', NULL, NULL, 38);
INSERT INTO `tbl_notif` VALUES (147, 1, 6, 'Mengirim bahan berita baru.', 'berita/v/d/5B', '2023-05-10 14:43:09', NULL, NULL, 38);
INSERT INTO `tbl_notif` VALUES (148, 1, 1, 'Mengirim bahan berita baru.', 'berita/v/d/6n', '2023-05-10 14:46:13', '1, ', NULL, 39);
INSERT INTO `tbl_notif` VALUES (149, 1, 2, 'Mengirim bahan berita baru.', 'berita/v/d/6n', '2023-05-10 14:46:13', NULL, NULL, 39);
INSERT INTO `tbl_notif` VALUES (150, 1, 3, 'Mengirim bahan berita baru.', 'berita/v/d/6n', '2023-05-10 14:46:13', NULL, NULL, 39);
INSERT INTO `tbl_notif` VALUES (151, 1, 4, 'Mengirim bahan berita baru.', 'berita/v/d/6n', '2023-05-10 14:46:13', NULL, NULL, 39);
INSERT INTO `tbl_notif` VALUES (152, 1, 5, 'Mengirim bahan berita baru.', 'berita/v/d/6n', '2023-05-10 14:46:13', NULL, NULL, 39);
INSERT INTO `tbl_notif` VALUES (153, 1, 6, 'Mengirim bahan berita baru.', 'berita/v/d/6n', '2023-05-10 14:46:13', NULL, NULL, 39);
INSERT INTO `tbl_notif` VALUES (154, 1, 1, 'Mengirim bahan berita baru.', 'berita/v/d/7j', '2023-05-10 15:01:11', '1, ', NULL, 40);
INSERT INTO `tbl_notif` VALUES (155, 1, 2, 'Mengirim bahan berita baru.', 'berita/v/d/7j', '2023-05-10 15:01:11', NULL, NULL, 40);
INSERT INTO `tbl_notif` VALUES (156, 1, 3, 'Mengirim bahan berita baru.', 'berita/v/d/7j', '2023-05-10 15:01:11', NULL, NULL, 40);
INSERT INTO `tbl_notif` VALUES (157, 1, 4, 'Mengirim bahan berita baru.', 'berita/v/d/7j', '2023-05-10 15:01:11', NULL, NULL, 40);
INSERT INTO `tbl_notif` VALUES (158, 1, 5, 'Mengirim bahan berita baru.', 'berita/v/d/7j', '2023-05-10 15:01:11', NULL, NULL, 40);
INSERT INTO `tbl_notif` VALUES (159, 1, 6, 'Mengirim bahan berita baru.', 'berita/v/d/7j', '2023-05-10 15:01:11', NULL, NULL, 40);
INSERT INTO `tbl_notif` VALUES (160, 1, 1, 'Mengirim bahan berita baru.', 'berita/v/d/8m', '2023-05-10 15:11:29', '1, ', NULL, 41);
INSERT INTO `tbl_notif` VALUES (161, 1, 2, 'Mengirim bahan berita baru.', 'berita/v/d/8m', '2023-05-10 15:11:29', NULL, NULL, 41);
INSERT INTO `tbl_notif` VALUES (162, 1, 3, 'Mengirim bahan berita baru.', 'berita/v/d/8m', '2023-05-10 15:11:29', NULL, NULL, 41);
INSERT INTO `tbl_notif` VALUES (163, 1, 4, 'Mengirim bahan berita baru.', 'berita/v/d/8m', '2023-05-10 15:11:29', NULL, NULL, 41);
INSERT INTO `tbl_notif` VALUES (164, 1, 5, 'Mengirim bahan berita baru.', 'berita/v/d/8m', '2023-05-10 15:11:29', NULL, NULL, 41);
INSERT INTO `tbl_notif` VALUES (165, 1, 6, 'Mengirim bahan berita baru.', 'berita/v/d/8m', '2023-05-10 15:11:29', NULL, NULL, 41);
INSERT INTO `tbl_notif` VALUES (166, 1, 1, 'Mengirim bahan berita baru.', 'berita/v/d/9x', '2023-05-10 19:41:40', '1, ', NULL, 42);
INSERT INTO `tbl_notif` VALUES (167, 1, 2, 'Mengirim bahan berita baru.', 'berita/v/d/9x', '2023-05-10 19:41:40', NULL, NULL, 42);
INSERT INTO `tbl_notif` VALUES (168, 1, 3, 'Mengirim bahan berita baru.', 'berita/v/d/9x', '2023-05-10 19:41:40', NULL, NULL, 42);
INSERT INTO `tbl_notif` VALUES (169, 1, 4, 'Mengirim bahan berita baru.', 'berita/v/d/9x', '2023-05-10 19:41:40', NULL, NULL, 42);
INSERT INTO `tbl_notif` VALUES (170, 1, 5, 'Mengirim bahan berita baru.', 'berita/v/d/9x', '2023-05-10 19:41:40', NULL, NULL, 42);
INSERT INTO `tbl_notif` VALUES (171, 1, 6, 'Mengirim bahan berita baru.', 'berita/v/d/9x', '2023-05-10 19:41:40', NULL, NULL, 42);
INSERT INTO `tbl_notif` VALUES (172, 1, 1, 'Mengirim bahan berita baru.', 'berita/v/d/0v', '2023-05-10 19:47:40', '1, ', NULL, 43);
INSERT INTO `tbl_notif` VALUES (173, 1, 2, 'Mengirim bahan berita baru.', 'berita/v/d/0v', '2023-05-10 19:47:40', NULL, NULL, 43);
INSERT INTO `tbl_notif` VALUES (174, 1, 3, 'Mengirim bahan berita baru.', 'berita/v/d/0v', '2023-05-10 19:47:40', NULL, NULL, 43);
INSERT INTO `tbl_notif` VALUES (175, 1, 4, 'Mengirim bahan berita baru.', 'berita/v/d/0v', '2023-05-10 19:47:40', NULL, NULL, 43);
INSERT INTO `tbl_notif` VALUES (176, 1, 5, 'Mengirim bahan berita baru.', 'berita/v/d/0v', '2023-05-10 19:47:40', NULL, NULL, 43);
INSERT INTO `tbl_notif` VALUES (177, 1, 6, 'Mengirim bahan berita baru.', 'berita/v/d/0v', '2023-05-10 19:47:40', NULL, NULL, 43);
INSERT INTO `tbl_notif` VALUES (178, 1, 1, 'Mengirim bahan berita baru.', 'berita/v/d/gJY', '2023-05-10 19:49:59', '1, ', NULL, 44);
INSERT INTO `tbl_notif` VALUES (179, 1, 2, 'Mengirim bahan berita baru.', 'berita/v/d/gJY', '2023-05-10 19:49:59', NULL, NULL, 44);
INSERT INTO `tbl_notif` VALUES (180, 1, 3, 'Mengirim bahan berita baru.', 'berita/v/d/gJY', '2023-05-10 19:49:59', NULL, NULL, 44);
INSERT INTO `tbl_notif` VALUES (181, 1, 4, 'Mengirim bahan berita baru.', 'berita/v/d/gJY', '2023-05-10 19:49:59', NULL, NULL, 44);
INSERT INTO `tbl_notif` VALUES (182, 1, 5, 'Mengirim bahan berita baru.', 'berita/v/d/gJY', '2023-05-10 19:49:59', NULL, NULL, 44);
INSERT INTO `tbl_notif` VALUES (183, 1, 6, 'Mengirim bahan berita baru.', 'berita/v/d/gJY', '2023-05-10 19:49:59', NULL, NULL, 44);
INSERT INTO `tbl_notif` VALUES (184, 1, 1, 'Mengirim bahan berita baru.', 'berita/v/d/jRR', '2023-05-10 19:50:36', '1, ', NULL, 45);
INSERT INTO `tbl_notif` VALUES (185, 1, 2, 'Mengirim bahan berita baru.', 'berita/v/d/jRR', '2023-05-10 19:50:36', NULL, NULL, 45);
INSERT INTO `tbl_notif` VALUES (186, 1, 3, 'Mengirim bahan berita baru.', 'berita/v/d/jRR', '2023-05-10 19:50:36', NULL, NULL, 45);
INSERT INTO `tbl_notif` VALUES (187, 1, 4, 'Mengirim bahan berita baru.', 'berita/v/d/jRR', '2023-05-10 19:50:36', NULL, NULL, 45);
INSERT INTO `tbl_notif` VALUES (188, 1, 5, 'Mengirim bahan berita baru.', 'berita/v/d/jRR', '2023-05-10 19:50:36', NULL, NULL, 45);
INSERT INTO `tbl_notif` VALUES (189, 1, 6, 'Mengirim bahan berita baru.', 'berita/v/d/jRR', '2023-05-10 19:50:36', NULL, NULL, 45);
INSERT INTO `tbl_notif` VALUES (190, 1, 1, 'Mengirim bahan berita baru.', 'berita/v/d/kR5', '2023-05-10 19:56:19', '1, ', NULL, 46);
INSERT INTO `tbl_notif` VALUES (191, 1, 2, 'Mengirim bahan berita baru.', 'berita/v/d/kR5', '2023-05-10 19:56:19', NULL, NULL, 46);
INSERT INTO `tbl_notif` VALUES (192, 1, 3, 'Mengirim bahan berita baru.', 'berita/v/d/kR5', '2023-05-10 19:56:19', NULL, NULL, 46);
INSERT INTO `tbl_notif` VALUES (193, 1, 4, 'Mengirim bahan berita baru.', 'berita/v/d/kR5', '2023-05-10 19:56:19', NULL, NULL, 46);
INSERT INTO `tbl_notif` VALUES (194, 1, 5, 'Mengirim bahan berita baru.', 'berita/v/d/kR5', '2023-05-10 19:56:19', NULL, NULL, 46);
INSERT INTO `tbl_notif` VALUES (195, 1, 6, 'Mengirim bahan berita baru.', 'berita/v/d/kR5', '2023-05-10 19:56:19', NULL, NULL, 46);

-- ----------------------------
-- Table structure for tbl_user
-- ----------------------------
DROP TABLE IF EXISTS `tbl_user`;
CREATE TABLE `tbl_user`  (
  `id_user` int(10) NOT NULL AUTO_INCREMENT,
  `nama_lengkap` varchar(100) CHARACTER SET utf8mb4 COLLATE utf8mb4_general_ci NULL DEFAULT NULL,
  `username` varchar(30) CHARACTER SET utf8mb4 COLLATE utf8mb4_general_ci NULL DEFAULT NULL,
  `password` text CHARACTER SET utf8mb4 COLLATE utf8mb4_general_ci NULL,
  `level` varchar(30) CHARACTER SET utf8mb4 COLLATE utf8mb4_general_ci NULL DEFAULT NULL,
  PRIMARY KEY (`id_user`) USING BTREE
) ENGINE = InnoDB AUTO_INCREMENT = 8 CHARACTER SET = utf8mb4 COLLATE = utf8mb4_general_ci ROW_FORMAT = Dynamic;

-- ----------------------------
-- Records of tbl_user
-- ----------------------------
INSERT INTO `tbl_user` VALUES (1, 'Administrator', 'administrator', 'Admin1234', 'superadmin');
INSERT INTO `tbl_user` VALUES (2, 'pelaksana', 'pelaksana', '1234', 'pelaksana');
INSERT INTO `tbl_user` VALUES (3, 'humas', 'humas', '1234', 'humas');

SET FOREIGN_KEY_CHECKS = 1;
